10,-0.052867207676172256,-0.3372846841812134,0.005650733597576618,-0.3138600289821625,0.736510694026947,0.6065822839736938,0.38779890537261963,-0.10716414451599121,-0.05679093673825264,0.6402258276939392,0.5612598061561584,-0.9983708262443542,-0.31802061200141907,-0.2953185737133026,0.30145105719566345,0.9003965258598328,0.01928326115012169,0.49080991744995117,0.18111863732337952,-0.36881569027900696,0.01754685863852501,0.8982571363449097,-0.1047331690788269,-1.0220189094543457,-0.2777033746242523,0.9654505252838135,-0.20459134876728058,0.3931359648704529,-0.5075739026069641,0.7942284345626831,0.19326220452785492,0.3895379900932312,-0.26105040311813354,-0.6799551844596863,-0.21467839181423187,0.6360090374946594,0.12142148613929749,-0.4968610405921936,0.29013362526893616,-0.3963637053966522,0.686801552772522,0.9567605257034302,0.03483816608786583,-0.35757389664649963,-1.2543506622314453,-0.5047165751457214,0.5682113766670227,-0.63609778881073,-0.23450268805027008,-0.15549024939537048,0.8121104836463928,0.3097287118434906,-0.7166999578475952,0.7851969003677368,-0.6359866857528687,0.7979006767272949,0.1095825582742691,0.2248547226190567,0.1617085039615631,0.27127137780189514,-0.12455594539642334,-0.7600235342979431,0.17855045199394226,0.43676838278770447,0.7047287225723267,-0.2145363986492157,-0.850347101688385,0.8558379411697388,0.49184373021125793,0.7357443571090698,-0.3168298900127411,-0.22702428698539734,-0.5846768021583557,0.448574423789978,-1.3885189294815063,0.5680556297302246,-0.8562629222869873,-0.8424420952796936,-0.0007450089324265718,-0.9773380160331726,-0.03577577695250511,0.6448617577552795,0.736438512802124,-1.5737353563308716,0.6470236778259277,-0.48180022835731506,0.2895255386829376,-1.195192813873291,0.20080500841140747,0.11386165022850037,0.013657712377607822,-0.20112794637680054,-0.7618342638015747,-0.11121830344200134,0.4736720621585846,0.19193385541439056,-0.31130915880203247,0.2631556987762451,-0.07791829109191895,0.6337570548057556,-0.5765451192855835,-0.19258274137973785,-0.9869586229324341,0.32041776180267334,-0.5351733565330505,-0.22849562764167786,0.2362959384918213,0.36392486095428467,0.7021127939224243,0.3271495997905731,-0.21046575903892517,0.04232093319296837,-0.9232029914855957,0.0018832508940249681,-0.16237470507621765,0.881644606590271,-0.09819450229406357,0.35398998856544495,0.3251570165157318,0.30562344193458557,-0.37711864709854126,0.11502024531364441,-0.6779480576515198,0.2567678391933441,-0.5399419665336609,-0.969317615032196,0.23302912712097168,0.10186775773763657,-1.492305874824524,0.6275812983512878,0.45216381549835205,-0.10598013550043106,0.02942958101630211,-0.560745358467102,0.4622941017150879,1.056593418121338,0.39600419998168945,0.8613033294677734,-0.34732720255851746,-0.29167357087135315,0.2720639407634735,-0.5877365469932556,-0.5086421966552734,-0.28126969933509827,0.21906667947769165,-0.11771683394908905,-0.3329951763153076,-0.5726472735404968,0.04631739482283592,0.27848872542381287,-0.17747817933559418,-0.1777116358280182,0.3032667934894562,0.6895714402198792,0.27559420466423035,0.232334703207016,0.4643020033836365,0.158355712890625,-0.29301220178604126,-0.0045847175642848015,-0.12383908033370972,0.28857162594795227,-0.29076099395751953,0.5978072285652161,-0.17431482672691345,0.254775732755661,0.6174317002296448,0.10669776797294617,0.4910883605480194,0.1084098070859909,0.08939754962921143,-0.011905240826308727,-0.3552945554256439,-0.5987549424171448,0.26163050532341003,-0.43075019121170044,-0.10802188515663147,0.332220196723938,-0.06518127024173737,0.5985300540924072,-0.3426205813884735,0.19004347920417786,-0.21815268695354462,-0.35522374510765076,0.8183569312095642,-0.4849269986152649,0.011078682728111744,-0.8059874176979065,0.11610762774944305,0.627102792263031,0.4744564890861511,-0.7450868487358093,0.7983991503715515,-0.8643510341644287,-0.3249013423919678,0.5133528709411621,-0.47114506363868713,0.744084358215332,-0.4525448977947235,-0.3527494966983795
20,0.13813535869121552,-0.33105549216270447,0.6933908462524414,-0.11083714663982391,-0.10809864848852158,0.6840092539787292,0.7837435007095337,-0.13658519089221954,-0.3431861698627472,0.3417634069919586,0.767375111579895,-1.0556495189666748,-0.5621083974838257,0.17357976734638214,0.3983631432056427,0.33464282751083374,-0.7009205222129822,0.1459396779537201,0.6460831761360168,-0.11697666347026825,-0.08364073187112808,0.8111709952354431,-0.6145151853561401,-1.5090017318725586,-0.21616628766059875,1.0542240142822266,-0.5917536616325378,0.32423698902130127,-0.5544902086257935,0.6912665963172913,1.050973892211914,0.5508145093917847,-0.4468402564525604,-0.696794331073761,0.6961817741394043,1.3292557001113892,0.6556887626647949,-0.5751814246177673,-0.5019698143005371,-0.07348703593015671,0.8226751089096069,0.5250276327133179,-0.3944272994995117,0.3839477300643921,0.2703128159046173,-0.5172823667526245,0.02837454527616501,0.4459463357925415,-0.5224136114120483,-0.05409563332796097,-0.2892681956291199,0.08285749703645706,-0.5920243859291077,1.2689579725265503,-1.5024561882019043,0.695870578289032,-0.5865775346755981,-0.3863639533519745,0.2937432825565338,-0.2124761939048767,0.2850831151008606,-0.5772523880004883,0.0033515505492687225,-1.1523566246032715,0.98516845703125,-0.36797431111335754,0.5661977529525757,0.2057318538427353,0.7281578779220581,-0.6909299492835999,-0.21442313492298126,0.29489168524742126,0.6170138716697693,-0.10653329640626907,-2.031906843185425,0.459111750125885,0.20081427693367004,-1.4764132499694824,-0.6034539937973022,0.1803344488143921,0.06855294853448868,0.4370817542076111,0.7284994125366211,-0.5923925638198853,0.3368781805038452,-0.6921001672744751,-0.07201088219881058,-0.4318681061267853,0.715898871421814,0.15618520975112915,-0.20082902908325195,0.06823130697011948,-0.6572904586791992,-0.33461490273475647,0.2772711515426636,0.2518438994884491,0.5871333479881287,-0.1721038818359375,-0.16937045753002167,0.7851229310035706,0.028540149331092834,-0.08788333833217621,-2.065969467163086,-0.5467385053634644,-0.8723461627960205,0.6196228265762329,0.3090645968914032,0.36804988980293274,0.12521041929721832,0.25985512137413025,0.01804707944393158,-0.10618431121110916,-1.2322330474853516,0.269558846950531,-0.18428300321102142,1.2135378122329712,-0.7108604311943054,0.5128477811813354,0.33894240856170654,-0.7037230134010315,-0.16484147310256958,0.1265885829925537,-0.23420268297195435,-0.09315023571252823,0.4903537333011627,-0.97493976354599,-0.7119449377059937,-0.1103646457195282,-1.857094407081604,0.4711211919784546,0.4262748658657074,0.1488269567489624,-0.34638577699661255,-0.46699291467666626,0.9975229501724243,0.7837894558906555,0.4643552601337433,0.5937721729278564,-0.4354522228240967,-0.2649863064289093,-0.048575274646282196,0.23283258080482483,0.19584019482135773,0.7137560844421387,0.02866661548614502,-0.022285155951976776,0.15642429888248444,0.2767951190471649,0.0018818080425262451,0.351531445980072,0.40469253063201904,-0.06019393354654312,0.20764292776584625,-0.0509236678481102,-0.3267213702201843,-0.7457288503646851,0.26012325286865234,0.18832725286483765,0.55866539478302,-0.44475099444389343,0.347145676612854,0.7667849063873291,-0.07101499289274216,0.08932023495435715,-0.31001806259155273,-0.5426948666572571,0.3734419047832489,0.2817634344100952,0.472646564245224,-0.1661483496427536,0.05410721153020859,-0.3302043080329895,-0.49079954624176025,-0.09994033724069595,-0.021063007414340973,-0.08205969631671906,-0.08590179681777954,0.6274521350860596,-0.5001745820045471,0.8758177757263184,0.11470162868499756,0.29428035020828247,-0.26476335525512695,0.3024451732635498,1.0100809335708618,-0.3804551661014557,-0.6246030330657959,-1.6375622749328613,-0.20894493162631989,0.5313639044761658,0.7072410583496094,-0.713034451007843,0.41461968421936035,0.22523102164268494,0.21078023314476013,0.18986278772354126,-0.6096594929695129,0.08160867542028427,0.3255983889102936,-0.527198076248169
30,-0.11785297095775604,-0.30555763840675354,-0.07123751938343048,0.5744361877441406,0.031782422214746475,0.9042644500732422,0.8788550496101379,-0.36495548486709595,-0.30635014176368713,0.1922430843114853,0.6061656475067139,-0.3512941598892212,-0.9687618613243103,0.024301419034600258,0.22191159427165985,-0.04300853982567787,-0.08160142600536346,0.03566901758313179,0.49071240425109863,-0.6645628809928894,-0.4557610750198364,0.5984164476394653,-0.7947505712509155,-1.011679768562317,-0.3898060619831085,0.899493932723999,-0.3030555844306946,-0.3239898383617401,-0.1919792741537094,0.7412161231040955,1.0624626874923706,0.8640806674957275,-0.08375010639429092,-0.017818473279476166,0.6118585467338562,1.6127279996871948,0.5615205764770508,-0.3161788284778595,-0.05932709202170372,-0.04313382878899574,0.7884408831596375,0.08460846543312073,-0.3051043748855591,0.6712100505828857,0.8461563587188721,0.1887834668159485,0.11739051342010498,0.3265312910079956,-0.4970262944698334,0.06665654480457306,-0.32983171939849854,-0.10720550268888474,-0.7983083128929138,1.2225059270858765,-1.3202866315841675,0.035015691071748734,-0.9422990083694458,-0.48184409737586975,0.3944363296031952,-0.2562580108642578,0.024991126731038094,-1.0195196866989136,-0.0062590125016868114,-0.024769214913249016,0.6772632598876953,-0.7166948318481445,0.8714881539344788,0.050535306334495544,0.3182457387447357,-0.5040583610534668,-0.16691356897354126,-0.5091580152511597,0.40261444449424744,-0.39273858070373535,-1.5011171102523804,0.5123019218444824,0.012332925572991371,-0.7551320195198059,-0.36341267824172974,0.008366532623767853,-0.27574965357780457,0.3336676061153412,0.7904390692710876,-0.30104556679725647,0.04236236587166786,-0.24660678207874298,0.18454629182815552,-0.09991347044706345,0.8560253977775574,0.5876858234405518,0.06152142956852913,0.017426135018467903,-0.4557969570159912,-0.4094998240470886,0.15805105865001678,0.48342493176460266,0.656315803527832,-0.010521767660975456,-0.04552461951971054,0.8587228655815125,0.11005833745002747,-0.1216314360499382,-1.0384447574615479,-0.6751123070716858,-0.49444955587387085,0.8004616498947144,0.2501704692840576,0.20369412004947662,-0.18764299154281616,-0.8922258019447327,-0.03490300476551056,-0.02321561984717846,-0.3394782841205597,0.45961296558380127,0.36682820320129395,1.14888334274292,-0.7656326293945312,0.5738273859024048,0.5913865566253662,-0.1807057410478592,-1.2368459701538086,0.008309917524456978,-0.3228485584259033,0.15767119824886322,0.6376755237579346,-0.38381120562553406,-0.7552604675292969,-0.05665409192442894,-1.7304316759109497,0.2107926905155182,0.4323861002922058,0.6981384754180908,-0.7350761890411377,-0.5708038210868835,0.8664482831954956,0.9417465329170227,-0.06271294504404068,0.7908666133880615,-0.40329647064208984,0.18555709719657898,-0.16851501166820526,0.03053365834057331,-0.622384250164032,0.6564986109733582,-0.05819852277636528,-0.45775139331817627,0.032406412065029144,-0.0529487170279026,0.09732461720705032,0.31010428071022034,0.376752108335495,-0.3630823493003845,-0.1623992770910263,-0.04384618625044823,-0.35639357566833496,-1.0713868141174316,0.21354079246520996,-0.10147612541913986,-0.09977680444717407,-0.49510306119918823,0.21363849937915802,0.5390037894248962,-0.3014259338378906,0.0659855380654335,-0.38539135456085205,-0.8786568641662598,-0.07951769977807999,0.29329678416252136,0.5856437087059021,-0.26477551460266113,0.027931490913033485,-0.18906448781490326,-0.1134708970785141,0.40834006667137146,0.23576076328754425,0.4055384397506714,0.09422306716442108,0.5273793935775757,-0.36933234333992004,0.8015897274017334,0.15147098898887634,0.21661311388015747,0.22500203549861908,0.09987258166074753,0.9184360504150391,-0.40280309319496155,-0.6601689457893372,-1.1991946697235107,0.11865141987800598,0.4798223376274109,-0.5140990614891052,-0.7443861961364746,0.18554022908210754,0.7854655385017395,0.28781580924987793,-0.25708967447280884,-0.42110106348991394,-0.22255319356918335,0.2513049840927124,-0.4556984305381775
40,-0.013372903689742088,-0.33506712317466736,-0.239707350730896,0.49923327565193176,-0.11783705651760101,1.2922210693359375,1.3551379442214966,-0.23720356822013855,-0.5857937335968018,0.13113826513290405,-0.168381929397583,0.07548152655363083,-1.06834876537323,-0.07401397824287415,-0.14821885526180267,-0.41881752014160156,-0.1678519994020462,0.05950774997472763,0.12797774374485016,-0.45856210589408875,-0.4584794044494629,0.6134610176086426,-0.3351249396800995,-0.5983698964118958,-0.40405040979385376,0.8195114731788635,-0.33903151750564575,0.2705700397491455,-0.7951552867889404,0.5353676080703735,0.9856662750244141,0.6668598055839539,0.12339077889919281,-0.06117754057049751,0.5262106657028198,1.2359675168991089,-0.1313546895980835,-0.2450089454650879,0.07306548207998276,-0.006550946738570929,0.5676848292350769,0.10490813851356506,-0.6125311255455017,0.8884291648864746,0.32505977153778076,-0.0053031607531011105,0.07820051908493042,-0.04261159524321556,-0.8797665238380432,-0.1142275333404541,-0.13498272001743317,-0.4479627311229706,-0.9234381318092346,1.0423388481140137,-0.8875323534011841,-0.07159119099378586,-0.817518949508667,-0.56925368309021,0.2707960307598114,-0.6530004739761353,0.1207214742898941,-0.7801917791366577,-0.004995251074433327,0.012239286676049232,0.7307155132293701,-0.9966916441917419,1.0461786985397339,-0.26704391837120056,0.251741498708725,-0.4973956346511841,-0.2143665999174118,-0.36367490887641907,0.2732139825820923,-0.7055630683898926,-0.9367300868034363,0.15458029508590698,0.13875755667686462,-0.5984538197517395,0.07400266081094742,0.01843339018523693,-0.14351502060890198,0.4454982280731201,0.7426708340644836,-0.24928562343120575,0.6485004425048828,-0.3387126922607422,-0.04973861947655678,-0.4898465573787689,1.0448287725448608,0.5584778785705566,-0.13452664017677307,-0.11156419664621353,-0.3045726418495178,-0.3099323809146881,0.346157044172287,0.17157982289791107,0.6216666102409363,-0.07593217492103577,0.15834157168865204,0.48425188660621643,0.06669926643371582,-0.08073607087135315,-1.2538878917694092,0.35047227144241333,-0.7016394138336182,0.8649895191192627,-0.0016959398053586483,0.12087400257587433,-0.2865966260433197,-0.44587475061416626,-0.023679157719016075,0.260385125875473,-0.3546597361564636,0.6366252303123474,0.3447631299495697,1.0917409658432007,-0.6856235265731812,0.5862185955047607,0.5055809020996094,-0.08686144649982452,-0.9306113123893738,-0.14459112286567688,0.15703085064888,0.10215046256780624,0.5779621601104736,-0.4089852273464203,-0.4780263304710388,-0.014333438128232956,-1.1974427700042725,0.18681104481220245,0.546552836894989,0.4782317280769348,-0.6745141744613647,-0.6206214427947998,0.8129909634590149,0.8670821189880371,-0.18259978294372559,0.8192558884620667,-0.44912660121917725,0.02692817710340023,-0.06948910653591156,0.19011105597019196,-0.5555409789085388,0.6814483404159546,-0.2422563135623932,-0.400464802980423,-0.10864526778459549,0.18744631111621857,0.3233007490634918,0.42950439453125,0.3248165547847748,-0.2586669325828552,-0.16031134128570557,0.44749414920806885,0.16523553431034088,-0.9691124558448792,0.7703598737716675,-0.09062879532575607,-0.10981889814138412,-0.7852486968040466,0.4436299204826355,0.5625323057174683,-0.1341874748468399,-0.03376829996705055,-0.7111703157424927,-0.9713578224182129,-0.04980689287185669,0.22025345265865326,0.49992528557777405,-0.10484125465154648,-0.2140834927558899,-0.14617601037025452,-0.15037041902542114,0.2382531315088272,0.1553671658039093,0.09114310890436172,-0.06772209703922272,0.49605193734169006,-0.40583133697509766,0.5376858115196228,-0.19551032781600952,0.1534477174282074,0.09480123221874237,0.12030858546495438,0.7081173658370972,-0.3902840316295624,-0.670673668384552,-1.0144422054290771,0.4155867099761963,0.4377172887325287,-0.5517571568489075,-0.7318766117095947,0.089030921459198,0.7369979023933411,0.45534777641296387,-0.19369153678417206,-0.35844919085502625,0.25067684054374695,0.3825634717941284,0.28497904539108276
50,-0.12249807268381119,-0.3966931998729706,-0.4271879494190216,0.5420213341712952,0.08130563050508499,1.2654906511306763,1.4721076488494873,-0.6307791471481323,-1.2503539323806763,0.031082769855856895,0.21332916617393494,-0.13177824020385742,-0.8708943128585815,-0.058718595653772354,-0.022900912910699844,-0.6043898463249207,0.39362776279449463,-0.5995195508003235,0.126105397939682,-0.46518370509147644,-0.661256730556488,0.5540321469306946,-0.42917242646217346,-0.48371797800064087,-0.2266826033592224,0.5609851479530334,-0.5651407837867737,-0.13087479770183563,-0.6292502880096436,0.6457708477973938,0.9052099585533142,0.3704926073551178,0.1148885190486908,-0.06866063177585602,0.6122434735298157,1.280745029449463,0.5966849327087402,-0.42152053117752075,0.10870513319969177,-0.3181564509868622,0.49149593710899353,0.027319414541125298,-0.10632149130105972,0.8066391348838806,-0.031304750591516495,-0.3109367787837982,0.31201356649398804,0.0031242051627486944,-0.9119271039962769,-0.28608059883117676,-0.13234764337539673,-0.15181568264961243,-1.0127167701721191,0.9286741018295288,-0.9336965084075928,0.13175168633460999,0.0013123468961566687,-0.727928876876831,0.2150811403989792,-0.5537527203559875,-0.022513912990689278,-1.0424225330352783,-0.2527400255203247,0.0414678193628788,0.5868428945541382,-1.044700026512146,1.122056484222412,-0.1423233300447464,0.1966223418712616,-0.40241679549217224,-0.6888399124145508,0.11756721138954163,0.1909174919128418,-0.6576328277587891,-0.6439409852027893,0.13070619106292725,-0.1284928172826767,0.11564825475215912,0.1874416470527649,-0.11027955263853073,-0.5646016001701355,0.5272776484489441,0.6777344346046448,-0.2507374882698059,0.06836194545030594,-0.2513650953769684,-0.11840541660785675,-0.4333953559398651,0.8952808380126953,0.5137568116188049,0.18760615587234497,-0.23259848356246948,-0.3850289285182953,-0.4228150248527527,0.002673810115084052,0.05167873576283455,0.775214433670044,-0.1682921051979065,-0.08235574513673782,0.3866594731807709,-0.04665447399020195,-0.11407758295536041,-0.43938371539115906,0.292368620634079,-0.7450824975967407,0.6166604161262512,-0.6161050796508789,0.13051772117614746,-0.36172500252723694,0.19353145360946655,-0.10413548350334167,0.6734328269958496,-0.36256664991378784,0.5195133686065674,0.5111312866210938,0.7967191338539124,-0.7861680388450623,1.0223487615585327,0.34383195638656616,-0.17614233493804932,-0.4000929892063141,-0.22504743933677673,0.03250451013445854,-0.0596611462533474,0.5093761682510376,-0.6979823708534241,-0.5604332685470581,0.01429610513150692,-0.18223702907562256,0.26197418570518494,0.5375636219978333,0.4323681592941284,-0.693926215171814,-0.08825011551380157,0.732534646987915,0.737524151802063,-0.3851589262485504,0.7272377610206604,-0.5840956568717957,-0.28047117590904236,-0.1499454379081726,0.13506364822387695,-0.6660346388816833,0.045630890876054764,-0.16095763444900513,-0.4345768988132477,-0.35725775361061096,-0.2527754604816437,0.24132537841796875,0.5112625360488892,0.41261914372444153,-0.4885636270046234,-0.24082350730895996,0.24745914340019226,-0.22152918577194214,-1.006901741027832,0.7165560722351074,-0.22762349247932434,-0.1698618233203888,-0.6963739395141602,0.681634247303009,0.6953277587890625,-0.31366729736328125,-0.21500030159950256,-0.5593029260635376,0.10138622671365738,-0.14043448865413666,0.5682710409164429,0.45573461055755615,-0.49470362067222595,-0.24302327632904053,0.36354541778564453,-0.11278920620679855,0.5928106904029846,0.09278781712055206,-0.4347093999385834,-0.04682670161128044,0.8076199889183044,0.36663123965263367,0.5044819116592407,0.13160762190818787,0.041329074651002884,0.032017406076192856,0.11804407835006714,0.645587682723999,-0.4999212920665741,-0.5033244490623474,-1.0744155645370483,0.16981813311576843,0.6339247226715088,0.30838796496391296,-0.11924272775650024,0.22455134987831116,0.8357647657394409,0.3501047194004059,0.03082600049674511,-0.2967894673347473,0.23640085756778717,0.2958807051181793,0.5092481374740601
60,-0.20585623383522034,-0.3158915936946869,0.006482124328613281,0.6056176424026489,0.21573401987552643,1.4942469596862793,1.4052034616470337,-0.5579541921615601,-1.20468008518219,-0.12272532284259796,0.2603350877761841,-0.069978728890419,-0.9696767330169678,-0.02480652555823326,0.08927182853221893,-0.48942437767982483,0.35379812121391296,-0.37245047092437744,0.016088247299194336,-0.7264368534088135,-0.6906070709228516,0.33892205357551575,-0.4971439838409424,-0.6068793535232544,-0.09665161371231079,0.6618555784225464,-0.655886173248291,-0.21089567244052887,-0.6504503488540649,0.3157406151294708,0.9020272493362427,0.49643805623054504,0.23329411447048187,0.04231409728527069,0.597807765007019,1.1425621509552002,0.3990381956100464,-0.4486091136932373,-0.23887303471565247,-0.41773349046707153,0.37489667534828186,0.15625160932540894,-0.4843446910381317,0.7100249528884888,0.11076061427593231,-0.33688029646873474,-0.13341885805130005,0.10357772558927536,-0.9160029888153076,-0.7842614650726318,-0.12492133677005768,0.07798986881971359,-1.108931541442871,0.870747447013855,-0.5338044166564941,0.45123445987701416,-0.016778524965047836,-0.780709981918335,0.16371752321720123,-0.13976460695266724,0.21928182244300842,-0.8488147258758545,-0.10586244612932205,0.11421772837638855,0.6817562580108643,-0.8109513521194458,1.0788904428482056,-0.14281514286994934,0.0007919897325336933,-0.01698172837495804,-0.5216903686523438,0.0756472498178482,-0.20810946822166443,-0.6926976442337036,-0.5816266536712646,0.13677729666233063,-0.31552213430404663,0.22617141902446747,0.13197535276412964,0.09851889312267303,-0.5344448089599609,0.48344314098358154,0.5799437761306763,-0.049470238387584686,0.12328460812568665,-0.6783849000930786,0.41768980026245117,-0.24019509553909302,0.8821756839752197,0.27181491255760193,0.2316364347934723,0.016422167420387268,-0.22580952942371368,-0.3770172595977783,0.0437164343893528,-0.02550920844078064,0.3185198903083801,-0.059441015124320984,-0.05580839142203331,0.38846054673194885,-0.1649456024169922,-0.10361642390489578,-0.501084566116333,0.6089997291564941,-0.2419278919696808,0.34194669127464294,0.05756044387817383,-0.21730507910251617,-0.2475856989622116,-0.12157752364873886,-0.05948330834507942,1.070762038230896,-0.16877076029777527,0.47577011585235596,0.5743616819381714,0.8078047037124634,-0.7567485570907593,0.9748250246047974,0.21233049035072327,-0.25728142261505127,-0.3245101273059845,-0.24704194068908691,0.3502059280872345,-0.01766170747578144,0.23133279383182526,-0.5222622156143188,-0.11445911973714828,-0.1012510359287262,-0.0232296884059906,0.20874930918216705,0.7105000019073486,0.5147659778594971,-0.38305234909057617,-0.006013690959662199,0.685240626335144,0.7813351154327393,-0.24970683455467224,0.514025092124939,-0.2911025881767273,-0.07043170183897018,-0.03303951025009155,-0.007328853011131287,-0.8588646650314331,0.3354730010032654,-0.20252956449985504,-0.5460821390151978,-0.5587700605392456,0.010299095883965492,0.3394067883491516,0.16262853145599365,0.3385466933250427,-0.3500699996948242,-0.26281800866127014,0.03164015710353851,-0.2582337260246277,-1.0461395978927612,0.8269259929656982,-0.04193274676799774,-0.2587008774280548,-0.68822181224823,0.5857924222946167,0.5680557489395142,-0.36904433369636536,-0.7284930944442749,-1.0651352405548096,0.6356015205383301,-0.13570842146873474,0.49563494324684143,0.46525731682777405,-0.3677331209182739,-0.17885443568229675,0.501939058303833,0.014749586582183838,0.7077089548110962,0.42831262946128845,-0.3379981815814972,-0.34538334608078003,0.5574982166290283,0.16555142402648926,0.13146212697029114,-0.19384370744228363,0.17969779670238495,-0.07991532981395721,0.19561924040317535,0.6913597583770752,-0.7518637180328369,-0.8297518491744995,-1.1051673889160156,-0.07786131650209427,0.677287220954895,0.34295782446861267,-0.024959102272987366,0.10652127861976624,0.7594454288482666,0.3477732539176941,-0.22453032433986664,-0.7156741619110107,-0.35879015922546387,0.3289707601070404,0.44932320713996887
70,-0.4245128333568573,-0.37256208062171936,-0.27683025598526,0.4320301413536072,-0.2310815304517746,1.1831721067428589,1.4037837982177734,-0.6871506571769714,-1.064527988433838,-0.15346303582191467,-0.04345255717635155,-0.16312411427497864,-0.5359680652618408,-0.11657320708036423,-0.31708428263664246,-0.37949347496032715,0.2737043499946594,-0.40577051043510437,0.0707356184720993,-0.520282506942749,-0.5783251523971558,0.37825772166252136,-0.5553094744682312,-0.2596427798271179,-0.33237016201019287,0.698763370513916,-0.9231228232383728,-0.12319906055927277,-0.900180995464325,0.2827143669128418,0.9709917902946472,0.4903826117515564,0.1431523710489273,0.41874438524246216,0.9676987528800964,1.1404576301574707,0.07982981950044632,-0.3314419686794281,-0.050802670419216156,-0.04889426380395889,0.3211060166358948,0.19927719235420227,-0.6288263201713562,0.9246732592582703,0.0655355453491211,-0.6534703969955444,-0.2563757002353668,0.27767568826675415,-0.853505551815033,-0.6335369944572449,0.09525851160287857,0.21996644139289856,-0.9539836645126343,0.7437286376953125,-0.9336550235748291,0.382637083530426,-0.47610223293304443,-0.7930685877799988,0.15547527372837067,-0.1207035556435585,0.2147625833749771,-0.28413885831832886,-0.26620614528656006,0.22254136204719543,0.5760196447372437,-0.5893956422805786,1.1996006965637207,-0.1473870426416397,-0.1101038008928299,0.06453736871480942,-0.3837021589279175,0.38983649015426636,-0.23367524147033691,-0.8008570075035095,-0.250047504901886,0.002499527530744672,-0.8014885783195496,0.1704532504081726,-0.18881317973136902,-0.17604707181453705,-0.6866564154624939,0.4056309759616852,0.5788949131965637,-0.03142007067799568,-0.25172439217567444,-0.11043620109558105,0.3114834725856781,-0.2757459580898285,1.024110198020935,0.5312397480010986,0.36667531728744507,-0.05340113490819931,-0.4978755712509155,-0.38509583473205566,-0.08965829014778137,-0.007390701211988926,0.4022487699985504,-0.12976747751235962,0.04474984481930733,0.3207521438598633,-0.13579905033111572,0.03463912755250931,-0.3676149845123291,0.6454803943634033,-0.015355261042714119,0.5638031363487244,-0.0691322460770607,0.13804347813129425,-0.25304481387138367,0.051100123673677444,-0.18757976591587067,0.8777517676353455,-0.31890177726745605,0.5132821202278137,0.7035396695137024,0.66459059715271,-0.9369996190071106,1.3122249841690063,0.06514151394367218,-0.37297555804252625,-0.3905789256095886,-0.24914640188217163,0.5094836950302124,0.030627135187387466,0.2916286587715149,-0.5194168090820312,-0.5005183219909668,-0.126783087849617,-0.044557005167007446,0.17127546668052673,0.7699439525604248,0.3323051333427429,-0.6278219819068909,-0.03356911242008209,0.5693781971931458,0.6103580594062805,-0.2660030424594879,0.5243873596191406,-0.8388428688049316,-0.06416485458612442,0.07983233034610748,0.06797673553228378,-0.28475421667099,0.03313884884119034,-0.20499445497989655,-0.6817883849143982,-0.6309524774551392,0.17046920955181122,0.3373023271560669,-0.04786442220211029,0.3622666597366333,-0.43817806243896484,-0.24844712018966675,0.21642939746379852,-0.08797682821750641,-0.7081970572471619,0.8639474511146545,-0.28375717997550964,-0.34372276067733765,-0.8547431826591492,0.5364322066307068,0.5620245337486267,-0.5352439284324646,-0.6800872683525085,-0.6739223003387451,0.38470184803009033,0.005802599713206291,0.5791626572608948,0.4418293833732605,-0.40663033723831177,-0.42133888602256775,0.6831332445144653,0.33919671177864075,1.138155460357666,0.5266847610473633,-0.19993343949317932,-0.44970741868019104,0.647522509098053,0.400194376707077,-0.21245077252388,-0.0814492329955101,0.1106095090508461,-0.07943437248468399,0.5094249844551086,0.7826160788536072,-0.7661862969398499,-0.7348199486732483,-0.6483526229858398,-0.3440650403499603,0.643019437789917,0.1275016814470291,0.2975374162197113,-0.07806839048862457,0.6200620532035828,0.18760108947753906,-0.15592123568058014,-0.8365108370780945,0.2258593887090683,0.050719380378723145,0.831804633140564
80,-0.30298760533332825,-0.5096057653427124,0.25591856241226196,0.4758891463279724,0.11797746270895004,1.2532745599746704,1.5005996227264404,-0.7220767736434937,-1.0647146701812744,-0.6776058673858643,0.3402658700942993,-0.12332483381032944,-0.4928402900695801,-0.11873141676187515,-0.009874172508716583,-0.3298547863960266,0.32116463780403137,-0.2727387547492981,0.1786690503358841,-0.5396451354026794,-0.4454196095466614,0.43320542573928833,-0.4033598303794861,-0.35539478063583374,-0.2209457904100418,0.6278457641601562,-1.298741102218628,-0.1352958232164383,-0.3950299620628357,-0.09615039080381393,0.8095095157623291,0.49197307229042053,0.23519499599933624,0.3631401062011719,0.4040035903453827,1.1600615978240967,0.16040603816509247,-0.3936503827571869,-0.3494337797164917,0.11798682063817978,0.32844141125679016,0.19711901247501373,-0.11751306802034378,1.0809648036956787,0.040690626949071884,-0.874376118183136,0.0998629480600357,0.10032851248979568,-0.954987108707428,-0.5276380777359009,0.17452991008758545,0.13721886277198792,-0.9221788644790649,0.7800235152244568,-0.9031660556793213,0.1828959733247757,-0.3096994161605835,-0.8140061497688293,0.12247452139854431,-0.30237817764282227,0.13178353011608124,-0.5026658177375793,-0.25294774770736694,0.1510085016489029,0.5879202485084534,-0.4805818200111389,1.397413969039917,-0.33602374792099,-0.034869253635406494,0.07295215874910355,-0.9583330750465393,-0.6596099734306335,-0.16967342793941498,-0.564929187297821,-0.13878771662712097,-0.06772250682115555,-0.5018083453178406,0.2307235449552536,-0.18983341753482819,-0.1455547958612442,-0.7088725566864014,0.4045317471027374,0.6106464862823486,-0.08867978304624557,-0.22860847413539886,-0.7859219908714294,0.3812757730484009,-0.2327808141708374,1.0906270742416382,0.5290815830230713,0.2757350206375122,0.08127787709236145,-0.9078426957130432,-0.18161541223526,-0.007403203286230564,0.11995337903499603,0.5406228303909302,-0.26045188307762146,-0.017683500424027443,0.6469985842704773,0.08085322380065918,0.14668059349060059,-0.033674415200948715,0.9430714845657349,-0.31920474767684937,0.4097701907157898,-0.8334277868270874,0.1358852982521057,-0.053866855800151825,0.01571931131184101,-0.2636316418647766,0.6657968759536743,-0.20440439879894257,0.408880352973938,0.7083231210708618,0.6624324321746826,-0.5572966933250427,1.310066819190979,0.07840824127197266,-0.38281676173210144,-0.2890244424343109,-0.25130459666252136,0.48170989751815796,-0.16891974210739136,0.3903619945049286,-0.5532151460647583,-0.5261717438697815,-0.14264070987701416,-0.11455108225345612,-0.007275271229445934,0.7799106240272522,0.5398157835006714,-0.8631570339202881,-0.1754024177789688,0.4809112846851349,0.6056468486785889,-0.3897446393966675,0.5917148590087891,-0.19699732959270477,-0.12201493978500366,0.11030303686857224,-0.08926264196634293,-0.39777466654777527,-0.1808435171842575,-0.12287388741970062,-0.6498621106147766,-0.4053303003311157,0.06427977979183197,0.2135002762079239,-0.09812085330486298,0.4666369557380676,-0.3530843257904053,-0.07532095164060593,-0.3184788227081299,-0.006226231809705496,-0.7758839726448059,0.8174809217453003,-0.11725432425737381,-0.22529427707195282,-0.5933404564857483,0.4951413571834564,0.5598663687705994,-0.3808656334877014,-0.5253599882125854,-0.8010425567626953,0.6136756539344788,-0.031064243987202644,0.6621695160865784,0.4074302911758423,-0.7195829749107361,-0.562869131565094,0.636894702911377,0.4596656560897827,0.9524633288383484,0.5111580491065979,-0.3470625579357147,-0.3636517822742462,0.6312404870986938,0.6301920413970947,-0.21460895240306854,-0.061721570789813995,0.19125287234783173,0.05251801759004593,0.4031465947628021,0.7257107496261597,-1.0039769411087036,-0.9077900648117065,-0.5888084769248962,-0.4805593490600586,0.6645471453666687,0.034421440213918686,0.14120663702487946,-0.0076010762713849545,0.5596132874488831,0.4453566074371338,0.15498800575733185,-0.3651198744773865,0.13927879929542542,0.05826222524046898,0.6433975100517273
90,-0.3416348993778229,-0.4662833511829376,0.3386550843715668,0.4332052767276764,0.11044212430715561,1.2916574478149414,1.5936274528503418,-1.0151077508926392,-1.1489838361740112,-0.5806819200515747,0.32160741090774536,-0.14676041901111603,-0.2964651584625244,-0.13218647241592407,0.07968256622552872,-0.22174061834812164,0.4943632483482361,-0.2989087402820587,0.09304632991552353,-0.2950548529624939,-0.440934956073761,0.48670509457588196,-0.4543319344520569,-0.23107163608074188,-0.3456198573112488,0.5848610401153564,-1.2117892503738403,-0.17529204487800598,-0.8522723317146301,-0.16932223737239838,1.032566785812378,0.2777157425880432,0.16022615134716034,0.6149351596832275,0.047612663358449936,1.2488994598388672,-0.009408966638147831,-0.3138219714164734,-0.2861059606075287,0.41106393933296204,0.2923816740512848,0.09567126631736755,-0.30782240629196167,1.1640219688415527,-0.19961154460906982,-0.8002094626426697,-0.2837907671928406,0.1381101906299591,-0.8398242592811584,-0.32406678795814514,0.04250014200806618,0.3697010278701782,-0.9947381019592285,0.8103370666503906,-0.737476646900177,0.180716872215271,-0.7514477372169495,-0.43317949771881104,0.18154802918434143,-0.32807064056396484,0.35369810461997986,-0.38870418071746826,-0.272461473941803,0.22009116411209106,0.6172727346420288,-0.473566472530365,1.328258752822876,-0.39646977186203003,-0.13662467896938324,0.376773864030838,-0.6258651614189148,-0.43306130170822144,-0.2625197470188141,-0.7320660352706909,-0.04673353210091591,-0.09351512044668198,-0.7733601331710815,0.2517269253730774,0.06626532226800919,-0.25961557030677795,-0.4077222943305969,0.20155031979084015,0.6211153268814087,-0.06456688046455383,-0.011832416988909245,-0.5340840220451355,0.4548231065273285,0.0011415937915444374,0.7638376951217651,0.4337424635887146,0.27256062626838684,-0.13257069885730743,-0.6362621188163757,-0.29921451210975647,-0.1325300633907318,0.6136074066162109,0.32830673456192017,-0.2757120132446289,-0.006322062574326992,0.7259355187416077,-0.24450576305389404,0.13546735048294067,-0.09558285772800446,0.8358531594276428,0.11536765098571777,0.4001433551311493,-0.47937750816345215,0.20440159738063812,0.17413057386875153,-0.06407823413610458,-0.2531627416610718,0.5442934036254883,-0.26258188486099243,0.5731614828109741,1.0631650686264038,0.6058739423751831,-0.4439324736595154,1.3349287509918213,0.19151175022125244,-0.1506732553243637,-0.6985610723495483,-0.11738179624080658,0.46533674001693726,-0.20523513853549957,0.3056771457195282,-0.6910452246665955,-0.45649662613868713,-0.18497204780578613,-0.3398550748825073,-0.008520211093127728,0.7165636420249939,0.5890693664550781,-0.7978824377059937,0.06426441669464111,0.0999210774898529,0.4571605324745178,-0.45083874464035034,0.5699102282524109,-0.44984960556030273,-0.8815032243728638,0.16542170941829681,-0.02427862584590912,-0.25106096267700195,-0.22275014221668243,-0.18036037683486938,-0.6025573015213013,-0.5354363322257996,-0.23420372605323792,0.266433984041214,-0.20151109993457794,0.6648574471473694,-0.3535328507423401,-0.20007683336734772,-0.4941287040710449,-0.02466769888997078,-0.6875331997871399,0.7045486569404602,-0.10941871255636215,-0.273436963558197,-0.5396603345870972,0.40187475085258484,0.6049218773841858,-0.3128001391887665,-0.18443268537521362,-0.7423793077468872,0.21787695586681366,-0.08141343295574188,0.5201534628868103,0.19699056446552277,-0.35185015201568604,-0.7209601402282715,0.5989038348197937,0.2599935531616211,0.8837871551513672,0.48486050963401794,-0.22418656945228577,-0.363311767578125,0.6155679821968079,0.4753417670726776,-0.19523164629936218,-0.17189165949821472,0.22041960060596466,-0.07005062699317932,0.3501363694667816,0.7650650143623352,-0.5553445816040039,-0.7582990527153015,-0.40202969312667847,-0.37471508979797363,0.6750160455703735,-0.034428905695676804,0.2016579508781433,0.0028677871450781822,0.5836240649223328,0.4261779189109802,0.13498900830745697,-0.34530264139175415,-0.2263750582933426,-0.019635308533906937,0.7804263830184937
100,-0.3223434090614319,-0.5869268178939819,0.025678887963294983,0.36305543780326843,0.1982959806919098,1.2783024311065674,1.4767251014709473,-1.010786533355713,-1.241885781288147,-0.5805906057357788,0.3120218813419342,-0.30982762575149536,-0.175775408744812,0.04686775058507919,0.2725679874420166,-0.008548484183847904,0.5932847857475281,-0.1409190148115158,0.09644520282745361,-0.22690285742282867,-0.6578684449195862,0.47802257537841797,-0.5113173127174377,-0.41399163007736206,-0.5190003514289856,0.6026005148887634,-1.0840470790863037,-0.3775494396686554,-0.5529207587242126,0.08353136479854584,1.0613343715667725,0.07842571288347244,0.2013271003961563,0.5814636945724487,0.16180507838726044,1.2154279947280884,-0.127723827958107,-0.36642125248908997,-0.144867405295372,0.1784837394952774,0.23337268829345703,-0.04777434095740318,-0.6764717102050781,1.0737688541412354,0.0563785545527935,-0.676864743232727,0.017133409157395363,0.04481253772974014,-1.1856961250305176,-0.3254815936088562,0.0009223120287060738,0.3229248821735382,-0.9380201101303101,0.7470064163208008,-0.6025538444519043,0.10689112544059753,-0.4409272372722626,-0.49817609786987305,0.08870318531990051,-0.05163757503032684,0.32022663950920105,-0.10016203671693802,-0.22640639543533325,0.34766581654548645,0.42259782552719116,-0.4572620391845703,1.1350034475326538,-0.322308212518692,-0.34142541885375977,0.48587653040885925,-0.4376501441001892,-0.06562642008066177,0.10475426912307739,-0.5194742679595947,0.09825731813907623,-0.258872926235199,-0.33131587505340576,0.17450763285160065,-0.16447681188583374,-0.1674627810716629,-0.5061001777648926,-0.09675648808479309,0.6214264035224915,0.015545351430773735,-0.0316535122692585,-0.3146551251411438,0.21194982528686523,0.03802407905459404,0.8655297160148621,0.43104442954063416,0.2281993180513382,-0.2406672090291977,-0.6434426307678223,-0.21979756653308868,-0.0988166406750679,0.6394338011741638,0.5040174722671509,-0.2996641993522644,-0.08528795838356018,0.6545999050140381,-0.2559536397457123,0.1537257432937622,-0.23985983431339264,0.8669161796569824,-0.2778243124485016,0.5388921499252319,-0.7446666359901428,-0.2993590533733368,0.23398704826831818,-0.3341616690158844,-0.3340771496295929,0.6967360377311707,-0.21751393377780914,0.4772995114326477,1.029693603515625,0.5561725497245789,0.31814348697662354,1.338118076324463,0.09969496726989746,-0.2419462502002716,-0.19255541265010834,-0.06674105674028397,0.43418923020362854,-0.15358197689056396,0.25839701294898987,-0.7709894180297852,-0.5065785646438599,-0.23985791206359863,-0.2835419476032257,-0.10850192606449127,0.6455457806587219,0.46679598093032837,-0.33060652017593384,0.030792970210313797,0.0045770397409796715,0.5002936720848083,-0.49496519565582275,0.46955788135528564,-0.7294895648956299,-0.17477908730506897,0.035601306706666946,0.048071082681417465,-0.2651403546333313,0.185405895113945,-0.3329583406448364,-0.645003080368042,-0.5864654183387756,-0.17423215508460999,0.2624012231826782,0.1433662325143814,0.7171518206596375,-0.2920198440551758,-0.3422989249229431,-0.1844518482685089,0.5523533225059509,-1.0541266202926636,0.821987509727478,-0.16230188310146332,-0.2586262822151184,-0.5890102386474609,0.42199277877807617,0.52470862865448,-0.3302730917930603,-0.24912868440151215,-1.3558305501937866,0.2778242528438568,-0.07831653207540512,0.7496182918548584,0.12169698625802994,-0.5779232382774353,-0.9309869408607483,0.5667403340339661,0.2918829917907715,0.5882533192634583,0.3042561411857605,-0.2338712364435196,-0.41320136189460754,0.49459636211395264,0.5188577175140381,-0.21723738312721252,-0.5188379883766174,-0.0069754282012581825,-0.16690881550312042,0.3336755037307739,0.6792624592781067,-0.27747488021850586,-0.782345712184906,-0.22165848314762115,-0.569220244884491,0.6145954132080078,1.1470932960510254,0.20319870114326477,0.08789033442735672,0.5293620228767395,0.3733392357826233,0.01396387629210949,-0.5921767950057983,-0.42561593651771545,-0.05310675501823425,0.5934602618217468
